abel.mendoza	184941	ABEL MENDOZA RODRIGUEZ	abel.mendoza@sagaji.com.mx	A
alberto.enriquez	alberto01	alberto enrquez	alberto.eriquez@sagaji.com.mx	S
alberto.tovar	912346	Alberto Tovar Vidal	alberto.tovar@unicar.com.mx	A
aldo.peinado	139388	ALDO PEINADO	aldo.peinado@sagaji.com.mx	A
alejandro.ramos	710722	ALEJANDRO RAMOS	alejandro.ramos@sagaji.com.mx	A
alejandro.trejo	PASSWORD	ALEJANDRO TREJO MENDEZ	ALEJANDRO.TREJO@SAGAJI.COM.MX	S
alfredo.ruiz	211241	ALFREDO RUIZ	alfredo.ruiz@sagaji.com.mx	A
alvaro.armas	216802	ALVARO JOSADAK	alvaro.armas@sagaji.com.mx	A
amet.rios	368715	AMET RIOS GARCIA	amet.rios@sagaji.com.mx	A
andres.diaz	476321	ANDRES CLETO DIAZ	andres.diaz@sagaji.com.mx	A
andres.tadeo	441452	ANDRES TADEO	andres.tadeo@sagaji.com.mx	A
angel.rojas	324261	ANGEL ALBERTO ROJAS ESLAVA	angel.rojas@sagaji.com.mx	A
ariel.benitez	26102007	ARIEL BENITEZ	ariel.benitez@sagaji.com.mx	A
armando.hernandez	446956	ARMANDO HERNANDEZ	armando.hernandez@sagaji.com.mx	A
armando.javier	103400	ARMANDO JAVIER R	armando.javier@sagaji.com.mx	A
arturo.flores	ARTURO01	ARTURO FLORES	ARTURO.FLORES@SAGAJI.COM.MX	S
arturo.rocha	412128	ARTURO ROCHA BAUTISTA	arturo.rocha@sagaji.com.mx	A
arturo.solis	327631	ARTURO SOLIS	arturo.solis@sagaji.com.mx	A
brian.blondin	454288	BRIAN BLONDIN	brian.blondin@sagaji.com.mx	A
cain.gomez	401408	CAIN GOMEZ TOLEDO	cain.gomez@sagaji.com.mx	A
carlos.concha	237556	CARLOS DE LA CONCHA	carlos.concha@sagaji.com.mx	A
cesar.flores	164269	CESAR FLORES	cesar.flores@sagaji.com.mx	A
cesar.salvador	2305	cesar augusto salvador vargas	cesar.salvador.sagaji.com.mx	S
cristian.valencia	445302	ALAN CRISTIAN VALENCIA	cristian.valencia@sagaji.com.mx	A
cuahutemoc.flores	282693	CUAUHTEMOC FLORES	cuahutemoc.flores@sagaji.com.mx	A
daniel.espejo	277845	DANIEL ESPEJO	daniel.espejo@sagaji.com.mx	A
dario.tlachi	119056	DARIO TLACHI	dario.tlachi@sagaji.com.mx	A
david.correa	575467	DAVID CORREA	david.correa@sagaji.com.mx	A
david.vazquez	239763	DAVID VAZQUEZ	david.vazquez@sagaji.com.mx	A
edgar.hernandez	468815	EDGAR HERNANDEZ	edgar.hernandez@sagaji.com.mx	A
eduardo.correa	174052	EDUARDO CORREA ZARZA	eduardo.correa@sagaji.com.mx	A
elioth.delatorre	177152	ELIOT DE LA TORRE	elioth.delatorre@sagaji.com.mx	A
eliud.mendez	482216	ELIUD MENDEZ	eliud.mendez@sagaji.com.mx	A
fabiola.aguirre	484257	VACANTE	fabiola.aguirre@sagaji.com.mx	A
felix.lopez	FELIX01	FELIX LOPEZ	FELIX.LOPEZ@SAGAJI.COM.MX	S
fernando.cano	459322	FERNANDO CANO VAZQUEZ	fernando.cano@sagaji.com.mx	A
fernando.fuentes	206222	FERNANDO FUENTES VAZQUEZ	fernando.fuentes@sagaji.com.mx	A
fernando.mendoza	499833	FERNANDO MENDOZA	fernando.mendoza@sagaji.com.mx	A
fernando.roque	FERNANDO01	FERNANDO ROQUE	FERNANDO.ROQUE@SAGAJI.COM.MX	S
francisco.corona	197666	FRANCISCO CORONA PONCE	francisco.corona@sagaji.com.mx	A
francisco.hernandez	353507	FRANCISCO JAVIER HERNANDEZ	francisco.hernandez@sagaji.com.mx	A
gabriel.islas	437899	GABRIEL ISLAS	gabriel.islas@sagaji.com.mx	A
gabriel.martinez	296131	GABRIEL MARTINEZ PEREZ	gabriel.martinez@sagaji.com.mx	A
gabriela.castillo	444797	GABRIELA CASTILLO	gabriela.castillo@sagaji.com.mx	A
gerando.miranda	134170	GERARDO MIRANDA	gerando.miranda@sagaji.com.mx	A
gilberto.jarvio	040279	GILBERTO JARVIO GUADARRAMA	gilberto.jarvio@sagaji.com.mx	A
guillermo.conde	GUILLERMO01	GUILLERMO CONDE	GUILLERMO.CONDE@SAGAJI.COM.MX	S
guillermo.roldan	876543	GUILLERMO ROLDAN	guillermo.roldan@sagaji.com.mx	A
guillero.conde	GUILLERMO01	GUILLERMO CONDE	GUILLERMO.CONDE@SAGAJI.COM.MX	S
gustavo.fabian	GUSTAVO01	GUSTAVO FABIAN	GUSTAVO.FABIAN@SAGAJI.COM.MX	S
gustavo.torres	199415	GUSTAVO TORRES ARENAS	gustavo.torres@sagaji.com.mx	A
hector.hernandez	327985	HECTOR HERNANDEZ	hector.hernandez@sagaji.com.mx	A
hector.lopez	325621	HECTOR LOPEZ	hector.lopez@sagaji.com.mx	A
hugo.covarrubias	756483	HUGO COVARRUBIAS	hugo.covarrubias@sagaji.com.mx	A
isidro.melo	368289	ISIDRO MELO PEREZ	isidro.melo@sagaji.com.mx	A
israel.hernandez	173277	ISRAEL HERNANDEZ	israel.hernandez@sagaji.com.mx	A
jaime.aguilar	987672	JAIME AGUILAR P	jaime.aguilar@sagaji.com.mx	A
jesus.cahuantzin	242616	JESUS CAHUANTZIN	jesus.cahuantzin@sagaji.com.mx	A
jesus.martinez	350735	JESUS ANTONIO MARTINEZ	jesus.martinez@sagaji.com.mx	A
jesus.santiagos	344321	SANTIAGO SANCHEZ	jesus.santiagos@sagaji.com.mx	A
jonatan.martinez	321927	JONATAN MARTINEZ	jonatan.martinez@sagaji.com.mx	A
jonathan.escorcia	090863	SABINO CARRANZA BIBIANO	sabino.carranza@sagaji.com.mx	A
jonathan.estuardo	196723	JONATHAN ESTUARDO	jonathan.estuardo@sagaji.com.mx	A
jonathan.ramirez	jonathan01	Jonathan Ramirez	jonathan.ramirez@sagaji.com.mx	S
jorge.morales	176344	JORGE MORALES	jorge.morales@sagaji.com.mx	A
jorge.perez	348766	Jorge Perez Jimenez	jorge.perez@unicar.com.mx	A
jorge.rodriguez	393698	JORGE CADENA RODRIGUEZ	jorge.rodriguez@sagaji.com.mx	A
jose.castillo	454675	JOSE CASTILLO	jose.castillo	A
jose.delamora	214938	J. LUIS DE LA MORA	jose.delamora@sagaji.com.mx	A
jose.diaz	393698	alfredo velazquez	alfredo.velazquez@sagaji.com.mx	S
jose.martinezs	152810	JOSE LUIS MARTINEZ	jose.martinezs@sagaji.com.mx	A
jose.medel	348575	JOSE ARTURO MEDEL GARCIA	jose.medel@sagaji.com.mx	A
jose.perez	113282	J. ALBERTO PEREZ	jose.perez@sagaji.com.mx	A
joseluis.cardiel	567898	JOSE LUIS CARDIEL GARCIA	joseluis.cardiel@sagaji.com.mx	A
juan.cabrera	262199	J. ANTONIO CABRERA	juan.cabrera@sagaji.com.mx	A
juan.chiney	437524	ALBERTO CHINEY	juan.chiney@sagaji.com.mx	A
juan.nunez	432735	JUAN CARLOS NUÑEZ	juan.nunez@sagaji.com.mx	A
juan.tavares	463129	ALBERTO TAVARES	juan.tavares@sagaji.com.mx	A
julio.alvarez	309546	JULIO ALVAREZ	julio.alvarez@sagaji.com.mx	A
julio.jimenez	279203	JULIO JIMENEZ NICOLAS	julio.jimenez@sagaji.com.mx	A
liborio.mondragon	330080	LORENZO MONDRAGON	liborio.mondragon@sagaji.com.mx	A
luis.canseco	349314	LUIS ARTURO CANSECO	luis.canseco@sagaji.com.mx	A
luis.cordero	221429	LUIS CORDERO LOPEZ	luis.cordero@sagaji.com.mx	A
luis.marquez	406155	LUIS MARQUEZ	luis.marquez@sagaji.com.mx	A
luis.mijangos	130863	LUIS MIJANGOS	luis.mijangos@sagaji.com.mx	A
luis.orellana	364742	LUIS ALBERTO ORELLANA CANCINO	luis.orellano@sagaji.com.mx	A
luis.reyes	293303	ALONSO REYES	adolfo.reyes@sagaji.com.mx	A
luis.salazar	612378	Luis Argeniz Salazar Gomez	luis.salazar@unicar.com.mx	A
manuel.garcia	manuel01	MANUEL GARCIA	manuel.garcia@sagaji.com.mx	S
marcos.canizales	343567	MARCOS CANIZALES	marcos.canizales@sagaji.com.mx	A
maria.mata	maria01	Maria Elena Mata	maria.mata@sagaji.com.mx	S
martin.merino	782361	Martin Merino Ramos	martin.merino@unicar.com.mx	A
miguel.maya	441358	MIGUEL MAYA	miguel.maya@sagaji.com.mx	A
miguel.molina	120444	MIGUEL MOLINA	miguel.molina@sagaji.com.mx	A
nadia.huidobro	123456	NADIA HUIDOBRO	nhuidobro22@hotmail.com	A
nicacio.sanchez	278522	NICACIO SANCHEZ CASAS	nicacio.sanchez@sagaji.com.mx	A
nicolas.estrella	VACIO	NICOLAS ESTRELLA	nicolas.estrella@sagaji.com.mx	A
octavio.salas	152995	OCTAVIO SALAS	octavio.salas@sagaji.com.mx	A
odilon.ramirez	120264	ODILON RAMIREZ OLALDE	odilon.ramirez@sagaji.com.mx	A
olivia.escobar	OLIVIA01	OLIVIA ESCOBAR	OLIVIA.ESCOBAR@SAGAJI.COM.MX	S
olivia.vasquez	166746	OLIVIA DE JESUS VASQUEZ	olivia.vasquez@sagaji.com.mx	A
orlando.miranda	246642	ORLANDO MIRANDA ZARZA	orlando.miranda@sagaji.com.mx	A
oscar.jimenez	OSCAR01	OSCAR JIMENEZ	OSCAR.JIMENEZ@SAGAJI.COM.MX	S
oscar.marque	117783	OSCAR MARQUEZ	oscar.marque@sagaji.com.mx	A
oscar.velazquez	414121	OSCAR VELAZQUEZ	oscar.velazquez@sagaji.com.mx	A
pablo.mexicano	753222	Pablo Mexicano Sanchez	pablo.mexicano@unicar.com.mx	A
rafael.villanueva	RAFAEL01	RAFAEL VILLANUEVA	RAFAEL.VILLANUEVA@SAGAJI.COM.MX	S
rey.montes	188266	REY DAVID MONTES SALUD	rey.montes@sagaji.com.mx	A
ricardo.ruiz	291613	RICARDO RUIZ	ricardo.ruiz@sagaji.com.mx	A
rigoberto.nieto	473251	RIGOBERTO NIETO	rigoberto.nieto@sagaji.com.mx	A
roberto.bartolon	432386	ROBERTO BARTOLON	roberto.bartolon@sagaji.com.mx	A
sabino.carranza	260626	SABINO CARRANZA	sabino.carranza@sagaji.com.mx	A
salvador.estrada	367444	SALVADOR ESTRADA	salvador.estrada@sagaji.com.mx	A
samir.jimenez	236541	SAMIR JIMENEZ	samir.jimenez@sagaji.com.mx	A
santos.rodriguez	278308	SANTOS RODRIGUEZ	santos.rodriguez@sagaji.com.mx	A
saul.bueno	417235	SAUL SANCHEZ	saul.bueno@sagaji.com.mx	A
sergio.luis	135173	SERGIO LUIS RUIZ	sergio.luis@sagaji.com.mx	A
sislas	3232	SADOT ISLAS MORENO	sadot.islas@sagaji.com.mx	A
tomas.valdez	120451	TOMAS VALDEZ	tomas.valdez@sagaji.com.mx	A
ulises.leon	947554	ULISES LEON	ulises.leon@sagaji.com.mx	A
veronica.hernandez	254060	VERONICA HERNANDEZ	veronica.hernandez@sagaji.com.mx	A
victor.fernandez	452189	VICTOR FERNANDEZ	victor.fernandez@sagaji.com.mx	A
