abel.mendoza	184941	ABEL MENDOZA RODRIGUEZ	abel.mendoza@sagaji.com.mx	
alberto.enriquez	alberto01	alberto enrquez	alberto.eriquez@sagaji.com.mx	S
aldo.peinado	139388	ALDO PEINADO	aldo.peinado@sagaji.com.mx	
alejandro.trejo	PASSWORD	ALEJANDRO TREJO MENDEZ	ALEJANDRO.TREJO@SAGAJI.COM.MX	S
alfredo.ruiz	211241	ALFREDO RUIZ	alfredo.ruiz@sagaji.com.mx	
alfredo.velazquez	393698	alfredo velazquez	alfredo.velazquez@sagaji.com.mx	S
alvaro.armas	216802	ALVARO JOSADAK	alvaro.armas@sagaji.com.mx	
amet.rios	368715	AMET RIOS GARCIA	amet.rios@sagaji.com.mx	
andres.diaz	476321	ANDRES CLETO DIAZ	andres.diaz@sagaji.com.mx	
andres.tadeo	441452	ANDRES TADEO	andres.tadeo@sagaji.com.mx	
angel.rojas	324261	ANGEL ALBERTO ROJAS ESLAVA	angel.rojas@sagaji.com.mx	
armando.hernandez	446956	ARMANDO HERNANDEZ	armando.hernandez@sagaji.com.mx	
arturo.flores	ARTURO01	ARTURO FLORES	ARTURO.FLORES@SAGAJI.COM.MX	S
arturo.rocha	412128	ARTURO ROCHA BAUTISTA	arturo.rocha@sagaji.com.mx	
arturo.solis	327631	ARTURO SOLIS	arturo.solis@sagaji.com.mx	
brian.blondin	454288	BRIAN BLONDIN	brian.blondin@sagaji.com.mx	
cain.gomez	401408	CAIN GOMEZ TOLEDO	cain.gomez@sagaji.com.mx	
carlos.concha	237556	CARLOS DE LA CONCHA	carlos.concha@sagaji.com.mx	
cesar.flores	164269	CESAR FLORES	cesar.flores@sagaji.com.mx	
cesar.salvador	2305	cesar augusto salvador vargas	cesar.salvador.sagaji.com.mx	S
cristian.valencia	445302	ALAN CRISTIAN VALENCIA	cristian.valencia@sagaji.com.mx	
cuahutemoc.flores	282693	CUAUHTEMOC FLORES	cuahutemoc.flores@sagaji.com.mx	
daniel.espejo	277845	DANIEL ESPEJO	daniel.espejo@sagaji.com.mx	
dario.tlachi	119056	DARIO TLACHI	dario.tlachi@sagaji.com.mx	
david.garavito	david01	David Garavito	david.garavito@sagaji.com.mx	S
david.vazquez	239763	DAVID VAZQUEZ	david.vazquez@sagaji.com.mx	
edgar.hernandez	468815	EDGAR HERNANDEZ	edgar.hernandez@sagaji.com.mx	
eduardo.correa	174052	EDUARDO CORREA ZARZA	eduardo.correa@sagaji.com.mx	
elioth.delatorre	177152	ELIOT DE LA TORRE	elioth.delatorre@sagaji.com.mx	
eliud.mendez	482216	ELIUD MENDEZ	eliud.mendez@sagaji.com.mx	
fabiola.aguirre	484257	VACANTE	fabiola.aguirre@sagaji.com.mx	
felix.lopez	FELIX01	FELIX LOPEZ	FELIX.LOPEZ@SAGAJI.COM.MX	S
fernando.cano	459322	FERNANDO CANO VAZQUEZ	fernando.cano@sagaji.com.mx	
fernando.fuentes	206222	FERNANDO FUENTES VAZQUEZ	fernando.fuentes@sagaji.com.mx	
fernando.mendoza	499833	FERNANDO MENDOZA	fernando.mendoza@sagaji.com.mx	
fernando.roque	FERNANDO01	FERNANDO ROQUE	FERNANDO.ROQUE@SAGAJI.COM.MX	S
francisco.corona	197666	FRANCISCO CORONA PONCE	francisco.corona@sagaji.com.mx	
francisco.hernandez	353507	FRANCISCO JAVIER HERNANDEZ	francisco.hernandez@sagaji.com.mx	
gabriel.martinez	296131	GABRIEL MARTINEZ PEREZ	gabriel.martinez@sagaji.com.mx	
gabriela.castillo	444797	GABRIELA CASTILLO	gabriela.castillo@sagaji.com.mx	
gerando.miranda	134170	GERARDO MIRANDA	gerando.miranda@sagaji.com.mx	
gerardo.martinez	254470	G. JAVIER MARTINEZ	gerardo.martinez@sagaji.com.mx	
guillermo.conde	GUILLERMO01	GUILLERMO CONDE	GUILLERMO.CONDE@SAGAJI.COM.MX	S
guillero.conde	GUILLERMO01	GUILLERMO CONDE	GUILLERMO.CONDE@SAGAJI.COM.MX	S
gustavo.fabian	GUSTAVO01	GUSTAVO FABIAN	GUSTAVO.FABIAN@SAGAJI.COM.MX	S
gustavo.torres	199415	GUSTAVO TORRES ARENAS	gustavo.torres@sagaji.com.mx	
hector.hernandez	327985	HECTOR HERNANDEZ	hector.hernandez@sagaji.com.mx	
hector.lopez	325621	HECTOR LOPEZ	hector.lopez@sagaji.com.mx	
isidro.melo	368289	ISIDRO MELO PEREZ	isidro.melo@sagaji.com.mx	
israel.hernandez	173277	ISRAEL HERNANDEZ	israel.hernandez@sagaji.com.mx	
jesus.cahuantzin	242616	JESUS CAHUANTZIN	jesus.cahuantzin@sagaji.com.mx	
jesus.martinez	350735	JESUS ANTONIO MARTINEZ	jesus.martinez@sagaji.com.mx	
jesus.santiagos	344321	SANTIAGO SANCHEZ	jesus.santiagos@sagaji.com.mx	
jonatan.martinez	321927	JONATAN MARTINEZ	jonatan.martinez@sagaji.com.mx	
jonathan.estuardo	196723	JONATHAN ESTUARDO	jonathan.estuardo@sagaji.com.mx	
jonathan.ramirez	jonathan01	Jonathan Ramirez	jonathan.ramirez@sagaji.com.mx	S
jorge.morales	176344	JORGE MORALES	jorge.morales@sagaji.com.mx	
jorge.rodriguez	393698	JORGE CADENA RODRIGUEZ	jorge.rodriguez@sagaji.com.mx	
jose.delamora	214938	J. LUIS DE LA MORA	jose.delamora@sagaji.com.mx	
jose.martinezs	152810	JOSE LUIS MARTINEZ	jose.martinezs@sagaji.com.mx	
jose.perez	113282	J. ALBERTO PEREZ	jose.perez@sagaji.com.mx	
juan.cabrera	262199	J. ANTONIO CABRERA	juan.cabrera@sagaji.com.mx	
juan.chiney	437524	ALBERTO CHINEY	juan.chiney@sagaji.com.mx	
juan.nunez	432735	JUAN CARLOS NU�EZ	juan.nunez@sagaji.com.mx	
juan.tavares	463129	ALBERTO TAVARES	juan.tavares@sagaji.com.mx	
julio.alvarez	309546	JULIO ALVAREZ	julio.alvarez@sagaji.com.mx	
julio.jimenez	279203	JULIO JIMENEZ NICOLAS	julio.jimenez@sagaji.com.mx	
liborio.mondragon	330080	LORENZO MONDRAGON	liborio.mondragon@sagaji.com.mx	
luis.canseco	349314	LUIS ARTURO CANSECO	luis.canseco@sagaji.com.mx	
luis.cordero	221429	LUIS CORDERO LOPEZ	luis.cordero@sagaji.com.mx	
luis.marquez	406155	LUIS MARQUEZ	luis.marquez@sagaji.com.mx	
luis.mijangos	130863	LUIS MIJANGOS	luis.mijangos@sagaji.com.mx	
luis.reyes	293303	ALONSO REYES	adolfo.reyes@sagaji.com.mx	
manuel.garcia	manuel01	MANUEL GARCIA	manuel.garcia@sagaji.com.mx	S
marcos.canizales	343567	MARCOS CANIZALES	marcos.canizales@sagaji.com.mx	
maria.mata	maria01	Maria Elena Mata	maria.mata@sagaji.com.mx	S
miguel.maya	441358	MIGUEL MAYA	miguel.maya@sagaji.com.mx	
miguel.molina	120444	MIGUEL MOLINA	miguel.molina@sagaji.com.mx	
nadia.huidobro	123456	NADIA HUIDOBRO	nhuidobro22@hotmail.com	
nicacio.sanchez	278522	NICACIO SANCHEZ CASAS	nicacio.sanchez@sagaji.com.mx	
nicolas.estrella	VACIO	NICOLAS ESTRELLA	nicolas.estrella@sagaji.com.mx	
octavio.salas	152995	OCTAVIO SALAS	octavio.salas@sagaji.com.mx	
odilon.ramirez	120264	ODILON RAMIREZ OLALDE	odilon.ramirez@sagaji.com.mx	
olivia.escobar	OLIVIA01	OLIVIA ESCOBAR	OLIVIA.ESCOBAR@SAGAJI.COM.MX	S
olivia.vasquez	166746	OLIVIA DE JESUS VASQUEZ	olivia.vasquez@sagaji.com.mx	
orlando.miranda	246642	ORLANDO MIRANDA ZARZA	orlando.miranda@sagaji.com.mx	
oscar.jimenez	OSCAR01	OSCAR JIMENEZ	OSCAR.JIMENEZ@SAGAJI.COM.MX	S
oscar.marque	117783	OSCAR MARQUEZ	oscar.marque@sagaji.com.mx	
oscar.velazquez	414121	OSCAR VELAZQUEZ	oscar.velazquez@sagaji.com.mx	
rafael.villanueva	RAFAEL01	RAFAEL VILLANUEVA	RAFAEL.VILLANUEVA@SAGAJI.COM.MX	S
rey.montes	188266	REY DAVID MONTES SALUD	rey.montes@sagaji.com.mx	
ricardo.ruiz	291613	RICARDO RUIZ	ricardo.ruiz@sagaji.com.mx	
rigoberto.nieto	473251	RIGOBERTO NIETO	rigoberto.nieto@sagaji.com.mx	
roberto.bartolon	432386	ROBERTO BARTOLON	roberto.bartolon@sagaji.com.mx	
sabino.carranza	260626	SABINO CARRANZA BIBIANO	sabino.carranza@sagaji.com.mx	
salvador.estrada	367444	SALVADOR ESTRADA	salvador.estrada@sagaji.com.mx	
samir.jimenez	236541	SAMIR JIMENEZ	samir.jimenez@sagaji.com.mx	
santos.rodriguez	278308	SANTOS RODRIGUEZ	santos.rodriguez@sagaji.com.mx	
saul.bueno	417235	SAUL SANCHEZ	saul.bueno@sagaji.com.mx	
sergio.luis	135173	SERGIO LUIS RUIZ	sergio.luis@sagaji.com.mx	
sislas	3232	SADOT ISLAS MORENO	sadot.islas@sagaji.com.mx	
tomas.valdez	120451	TOMAS VALDEZ	tomas.valdez@sagaji.com.mx	
ulises.leon	947554	ULISES LEON	ulises.leon@sagaji.com.mx	
veronica.hernandez	254060	VERONICA HERNANDEZ	veronica.hernandez@sagaji.com.mx	
